City_ID,City,Cloudiness,Country,Date,Humidity,Lat,Lng,Max Temp,Wind Speed
0,mataura,70,NZ,1610152258,74,-46.1927,168.8643,288.71,6.71
1,longyearbyen,75,SJ,1610152259,79,78.2186,15.6401,267.15,6.69
2,port elizabeth,20,ZA,1610152260,88,-33.918,25.5701,294.15,3.09
3,tuktoyaktuk,75,CA,1610152262,85,69.4541,-133.0374,255.15,3.09
4,ushuaia,75,AR,1610152227,41,-54.8,-68.3,287.15,9.26
5,bluff,100,NZ,1610152264,74,-46.6,168.3333,288.71,6.71
6,butaritari,100,KI,1610152265,81,3.0707,172.7902,300.34,8.5
7,tenenkou,0,ML,1610152267,19,14.4572,-4.9169,295.36,2.51
8,coquimbo,90,CL,1610152128,77,-29.9533,-71.3436,289.15,2.57
9,airai,100,TL,1610152269,85,-8.9266,125.4092,295.59,0.2
10,rikitea,23,PF,1610152270,73,-23.1203,-134.9692,299.33,5.94
11,monrovia,7,LR,1610152271,86,6.3005,-10.7969,299.34,1.96
12,constitucion,0,CL,1610152272,82,-35.3333,-72.4167,285.27,5.01
13,new norfolk,0,AU,1610152273,34,-42.7826,147.0587,298.15,2.24
14,busselton,96,AU,1610152274,33,-33.65,115.3333,303.15,1.34
15,alice springs,0,AU,1610152252,28,-23.7,133.8833,303.15,6.69
16,seoul,40,KR,1610151720,47,37.5683,126.9778,259.15,0.51
17,atuona,1,PF,1610152277,76,-9.8,-139.0333,298.28,7.41
18,isangel,90,VU,1610152278,100,-19.55,169.2667,299.15,2.38
19,fairbanks,75,US,1610152148,78,64.8378,-147.7164,262.15,0.04
20,vardo,70,NO,1610152279,95,70.3705,31.1107,267.87,9.03
21,vaini,40,TO,1610152280,79,-21.2,-175.2,303.15,4.63
22,bambous virieux,40,MU,1610152281,88,-20.3428,57.7575,298.15,5.66
23,cidreira,0,BR,1610152282,68,-30.1811,-50.2056,296.68,4.45
24,vila franca do campo,20,PT,1610152283,76,37.7167,-25.4333,284.15,3.09
25,orsha,100,BY,1610152286,98,54.5153,30.4053,270.06,4.29
26,hamilton,90,US,1610152207,69,39.1834,-84.5333,272.59,5.14
27,yertsevo,75,RU,1610152288,91,60.7966,40.086,250.79,1.78
28,kaitangata,76,NZ,1610152289,63,-46.2817,169.8464,288.71,6.71
29,saint-pierre,0,RE,1610152290,68,-21.3393,55.4781,296.15,2.06
30,jamestown,90,US,1610152292,86,42.097,-79.2353,268.71,4.12
31,beringovskiy,15,RU,1610152294,87,63.05,179.3167,245.02,3.31
32,hobart,20,AU,1610152217,53,-42.8794,147.3294,298.15,3.6
33,mattru,0,SL,1610152296,95,7.6244,-11.8332,296.82,0.48
34,tsuruga,58,JP,1610152297,55,35.6455,136.0558,273.15,1.34
35,choszczno,100,PL,1610152298,79,53.169,15.4205,275.37,1.59
36,khani,0,GE,1610152299,39,41.9563,42.9566,280.15,3.09
37,saskylakh,100,RU,1610152300,89,71.9167,114.0833,249.41,4.09
38,avarua,75,CK,1610152301,70,-21.2078,-159.775,302.15,5.14
39,krasnoselkup,99,RU,1610152302,89,65.7,82.4667,249.37,2.89
40,kapaa,1,US,1610152303,57,22.0752,-159.319,300.15,6.69
41,qaanaaq,100,GL,1610152304,89,77.484,-69.3632,255.88,4.26
42,bryan,90,US,1610152051,66,30.6744,-96.37,282.15,3.6
43,chenghai,0,CN,1610152306,31,23.4632,116.768,279.15,5.0
44,chokurdakh,97,RU,1610152307,89,70.6333,147.9167,245.76,1.23
45,cape town,0,ZA,1610151890,88,-33.9258,18.4232,293.15,5.14
46,bakchar,100,RU,1610152310,87,57.0186,82.0711,246.69,3.8
47,singaraja,89,ID,1610152311,69,-8.112,115.0882,301.75,1.17
48,norman wells,75,CA,1610152312,85,65.282,-126.8329,260.15,4.12
49,pevek,96,RU,1610152313,89,69.7008,170.3133,245.38,2.21
50,okhotsk,100,RU,1610152314,87,59.3833,143.3,248.66,5.29
51,port hardy,75,CA,1610152315,81,50.6996,-127.4199,281.15,1.03
52,bredasdorp,0,ZA,1610152319,94,-34.5322,20.0403,290.15,0.51
53,rio grande,0,BR,1610152319,80,-32.035,-52.0986,295.89,6.47
54,kudahuvadhoo,71,MV,1610152320,76,2.6708,72.8944,300.94,3.29
55,brae,90,GB,1610152321,70,60.3964,-1.353,278.15,9.77
56,upernavik,100,GL,1610152323,73,72.7868,-56.1549,259.39,2.27
57,barrow,90,US,1610152238,71,71.2906,-156.7887,255.15,5.14
58,maltahohe,100,NA,1610152324,42,-24.8333,16.9833,299.11,2.86
59,vila velha,75,BR,1610152325,78,-20.3297,-40.2925,300.15,4.63
60,harer,0,ET,1610152327,47,9.3094,42.1258,284.54,1.35
61,georgetown,20,MY,1610152031,78,5.4112,100.3354,299.82,1.54
62,dhidhdhoo,100,MV,1610152329,76,6.8833,73.1,301.01,3.86
63,yelizovo,0,RU,1610152330,65,53.1873,158.3805,254.15,2.0
64,port alfred,4,ZA,1610152331,94,-33.5906,26.891,294.26,2.98
65,punta arenas,75,CL,1610152032,62,-53.15,-70.9167,285.15,7.72
66,cayenne,75,GF,1610152334,100,4.9333,-52.3333,297.15,1.03
67,nuuk,20,GL,1610152336,58,64.1835,-51.7216,267.15,9.77
68,albany,0,US,1610152207,71,42.6001,-73.9662,268.15,2.69
69,banjar,75,ID,1610152338,94,-8.19,114.9675,299.15,1.54
70,tasiilaq,0,GL,1610152339,52,65.6145,-37.6368,263.15,1.54
71,katsuura,20,JP,1610152341,24,35.1333,140.3,279.26,6.17
72,blythe,1,US,1610152342,11,33.6103,-114.5964,294.15,4.63
73,paamiut,40,GL,1610152343,80,61.994,-49.6678,270.76,4.14
74,koumac,65,NC,1610152343,65,-20.5667,164.2833,303.47,0.76
75,kavaratti,100,IN,1610152344,76,10.5669,72.642,300.81,3.8
76,hualmay,100,PE,1610152345,83,-11.0964,-77.6139,294.59,4.03
77,hithadhoo,59,MV,1610152346,79,-0.6,73.0833,300.7,5.86
78,surt,0,LY,1610152347,43,31.2089,16.5887,293.85,5.72
79,hermanus,0,ZA,1610152348,87,-34.4187,19.2345,291.48,0.45
80,jalu,100,LY,1610152349,47,29.0331,21.5482,288.14,2.51
81,mayor pablo lagerenza,4,PY,1610152350,56,-19.9309,-60.7718,300.29,1.42
82,thouars,0,FR,1610152351,1,46.976,-0.2151,273.15,2.24
83,nanortalik,100,GL,1610152352,86,60.1432,-45.2371,274.72,4.91
84,kenora,90,CA,1610152353,93,49.8167,-94.4337,268.15,1.54
85,komsomolskiy,75,UZ,1610152354,73,40.4272,71.7189,266.15,2.06
86,tazovskiy,97,RU,1610152355,91,67.4667,78.7,250.21,3.02
87,port lincoln,0,AU,1610152356,53,-34.7333,135.8667,296.87,2.64
88,kirakira,100,SB,1610152357,66,-10.4544,161.9205,302.77,1.89
89,saint-philippe,0,RE,1610152358,68,-21.3585,55.7679,298.15,2.06
90,elat,0,IL,1610152277,41,29.5581,34.9482,289.15,3.25
91,khatanga,100,RU,1610152361,88,71.9667,102.5,245.28,3.68
92,sao filipe,42,CV,1610152362,79,14.8961,-24.4956,295.93,4.8
93,laguna,20,US,1610152363,76,38.421,-121.4238,286.48,3.6
94,margate,70,GB,1610152218,90,51.3813,1.3862,276.48,1.34
95,carnarvon,16,AU,1610152366,70,-24.8667,113.6333,303.15,5.66
96,fortuna,1,US,1610152277,87,40.5982,-124.1573,284.26,2.06
97,eureka,8,US,1610152368,79,40.8021,-124.1637,285.93,1.34
98,santa isabel do rio negro,100,BR,1610152369,98,-0.4139,-65.0192,295.5,1.03
99,karwar,87,IN,1610152369,79,14.8,74.1333,298.17,2.37
100,saldanha,0,ZA,1610152370,82,-33.0117,17.9442,289.15,3.6
101,arraial do cabo,80,BR,1610152371,89,-22.9661,-42.0278,298.45,0.34
102,kruisfontein,38,ZA,1610152372,92,-34.0033,24.7314,293.71,0.45
103,cabedelo,0,BR,1610152373,83,-6.9811,-34.8339,299.15,3.09
104,simao,100,CN,1610152374,85,22.7886,100.9748,285.05,1.37
105,benguela,81,AO,1610152375,74,-12.5763,13.4055,296.7,2.49
106,baykit,100,RU,1610152379,79,61.67,96.37,247.55,0.54
107,ponta do sol,22,PT,1610152380,76,32.6667,-17.1,283.15,1.79
108,nabire,92,ID,1610152381,65,-3.3667,135.4833,303.13,0.6
109,gadung,1,PH,1610152382,72,6.8025,124.02,301.21,0.75
110,mar del plata,0,AR,1610152365,67,-38.0023,-57.5575,289.82,2.57
111,jaggayyapeta,0,IN,1610152384,94,16.9,80.1,291.34,2.21
112,clyde river,75,CA,1610152385,84,70.4692,-68.5914,254.15,6.17
113,mayo,40,US,1610152386,69,38.8876,-76.5119,275.93,3.6
114,desaguadero,100,PE,1610152387,77,-16.5656,-69.0417,281.47,0.52
115,victoria,4,HK,1610152205,36,22.2855,114.1577,282.04,0.45
116,maridi,94,SS,1610152389,35,4.9158,29.4742,297.9,1.68
117,kalmunai,100,LK,1610152390,86,7.4167,81.8167,298.35,2.98
118,innisfail,100,AU,1610152391,82,-17.5333,146.0333,301.12,2.59
119,chuy,0,UY,1610152392,80,-33.6971,-53.4616,291.94,3.43
120,vao,100,NC,1610152392,85,-22.6667,167.4833,298.96,9.1
121,hovd,100,MN,1610152393,83,48.0056,91.6419,249.67,0.53
122,deputatskiy,98,RU,1610152394,89,69.3,139.9,244.53,0.89
123,kozhva,28,RU,1610152395,90,65.1073,57.0459,248.66,1.06
124,maralal,3,KE,1610152396,92,1.0968,36.698,286.3,1.37
125,karpathos,9,GR,1610152397,82,35.507,27.2132,290.15,5.14
126,cherskiy,77,RU,1610152398,88,68.75,161.3,244.04,1.4
127,san roque,75,ES,1610152400,87,36.2107,-5.3842,285.15,9.26
128,bereda,4,ES,1610152401,97,43.2686,-7.5406,273.71,2.68
129,saurimo,85,AO,1610152402,97,-9.6608,20.3916,288.54,1.55
130,lubao,75,PH,1610152403,69,14.9167,120.55,298.15,2.06
131,troitskoye,2,RU,1610152406,86,52.9821,84.6757,244.8,2.68
132,contamana,0,PE,1610152407,80,-7.3333,-75.0167,297.64,1.37
133,tiksi,100,RU,1610152408,89,71.6872,128.8694,247.85,5.47
134,ruthin,100,GB,1610152409,98,53.1137,-3.3178,274.82,0.83
135,beidao,100,CN,1610152343,58,34.5686,105.8933,267.27,1.22
136,hilo,1,US,1610152412,57,19.7297,-155.09,301.15,4.63
137,saint-leu,0,RE,1610152412,68,-21.15,55.2833,298.15,2.06
138,olavarria,100,AR,1610152413,61,-36.8927,-60.3225,290.22,5.03
139,north bend,20,US,1610152416,76,43.4065,-124.2243,283.15,2.57
140,grindavik,75,IS,1610152417,68,63.8424,-22.4338,267.15,10.29
141,klaksvik,90,FO,1610152418,100,62.2266,-6.589,280.15,9.26
142,oxbow,95,CA,1610152419,88,49.2333,-102.1676,262.04,0.53
143,mahebourg,40,MU,1610152228,88,-20.4081,57.7,298.15,5.66
144,saint george,1,US,1610152354,25,37.1041,-113.5841,283.71,1.54
145,poum,72,NC,1610152422,76,-20.2333,164.0167,301.84,5.66
146,ahipara,6,NZ,1610152423,68,-35.1667,173.1667,295.72,3.71
147,prabumulih,100,ID,1610152314,95,-3.45,104.25,297.24,1.57
148,auki,97,SB,1610152425,72,-8.7676,160.7034,302.47,1.18
149,dikson,0,RU,1610152426,89,73.5069,80.5464,248.62,5.57
150,thompson,20,CA,1610152427,92,55.7435,-97.8558,261.15,2.13
151,barcelos,0,PT,1610152428,80,41.5388,-8.6151,274.82,3.6
152,sitka,90,US,1610152229,87,57.0531,-135.33,279.15,6.69
153,torbay,90,CA,1610152430,93,47.6666,-52.7314,275.93,7.72
154,saint-francois,88,FR,1610152431,100,46.4154,3.9054,270.93,1.24
155,carutapera,79,BR,1610152432,79,-1.195,-46.02,299.63,3.22
156,taitung,75,TW,1610152433,66,22.7583,121.1444,284.15,3.6
157,villa sandino,40,NI,1610152434,54,12.0483,-84.9936,302.15,3.09
158,tautira,20,PF,1610152435,66,-17.7333,-149.15,303.15,5.66
159,ambilobe,0,MG,1610152439,91,-13.2,49.05,295.66,0.95
160,nelson bay,75,AU,1610152440,68,-32.7167,152.15,296.15,7.2
161,iqaluit,90,CA,1610152159,78,63.7506,-68.5145,257.15,6.17
162,codrington,0,AU,1610152442,54,-38.2667,141.9667,296.15,3.53
163,umm lajj,0,SA,1610152443,53,25.0213,37.2685,296.56,1.56
164,kieta,95,PG,1610152444,58,-6.2167,155.6333,303.19,1.59
165,leh,53,IN,1610152445,75,34.1667,77.5833,254.76,0.66
166,buraydah,20,SA,1610152446,93,26.326,43.975,284.15,1.54
167,massakory,41,TD,1610152448,21,12.996,15.7293,295.64,5.16
168,boa vista,75,BR,1610152449,78,2.8197,-60.6733,300.15,1.03
169,hongjiang,91,CN,1610152450,70,27.11,109.9956,275.35,1.35
170,pangnirtung,90,CA,1610152451,71,66.1451,-65.7125,253.15,1.03
171,kargat,100,RU,1610152453,87,55.1956,80.2811,245.15,5.25
172,karratha,39,AU,1610152454,42,-20.7377,116.8463,307.47,1.71
173,linjiang,99,CN,1610152455,78,41.8069,126.9078,252.71,1.18
174,anzio,100,IT,1610152456,95,41.4853,12.6179,279.82,0.45
175,lompoc,1,US,1610152274,59,34.6391,-120.4579,290.15,5.66
176,pacific grove,1,US,1610152197,88,36.6177,-121.9166,287.59,2.57
177,yellowknife,20,CA,1610152458,78,62.456,-114.3525,255.15,3.6
178,rocha,0,UY,1610152213,89,-34.4833,-54.3333,289.76,2.74
179,port macquarie,21,AU,1610152261,57,-31.4333,152.9167,297.59,0.89
180,avera,90,US,1610152461,90,33.194,-82.5271,278.15,2.06
181,nueva helvecia,53,UY,1610152462,74,-34.3,-57.2333,293.15,1.79
182,vryburg,27,ZA,1610152463,63,-26.9566,24.7284,295.36,1.49
183,malayal,75,PH,1610152464,78,7.208,121.942,301.15,1.54
184,pavilosta,90,LV,1610152466,100,56.8879,21.1859,272.15,2.57
185,alekseyevsk,98,RU,1610152467,86,57.8406,108.3492,248.91,4.31
186,narsaq,90,GL,1610152232,33,60.9167,-46.05,280.15,9.77
187,nikolskoye,0,RU,1610152469,85,59.7035,30.7861,262.59,1.0
188,palestine,0,PS,1610152471,44,31.9216,35.2033,290.37,1.03
189,porto walter,31,BR,1610152472,96,-8.2686,-72.7439,295.5,1.33
190,santa luzia,0,BR,1610152473,69,-19.7697,-43.8514,299.15,1.54
191,ewa beach,90,US,1610152332,61,21.3156,-158.0072,299.15,2.57
192,tuatapere,87,NZ,1610152474,74,-46.1333,167.6833,288.71,6.71
193,aksu,0,CN,1610152476,88,41.1231,80.2644,259.09,0.64
194,bonavista,100,CA,1610152478,100,48.6499,-53.1147,275.93,1.54
195,sabha,0,LY,1610152479,31,27.0377,14.4283,290.07,2.76
196,saint anthony,90,US,1610152480,93,45.0205,-93.218,268.15,3.6
197,san francisco de macoris,40,DO,1610152481,94,19.2952,-70.2554,298.15,1.63
198,hofn,41,IS,1610152482,82,64.2539,-15.2082,271.29,8.44
199,moerai,0,PF,1610152483,76,-22.4333,-151.3333,299.27,7.02
200,vanimo,77,PG,1610152485,62,-2.6741,141.3028,303.86,0.68
201,anloga,20,GH,1610152486,89,5.7947,0.8973,300.15,4.12
202,natal,40,BR,1610152354,74,-5.795,-35.2094,300.15,5.66
203,ostrovnoy,100,RU,1610152488,94,68.0531,39.5131,260.84,1.38
204,east london,3,ZA,1610152489,85,-33.0153,27.9116,295.56,2.09
205,bethel,1,US,1610152490,59,41.3712,-73.414,271.15,2.06
206,montepuez,100,MZ,1610152491,94,-13.1256,38.9997,293.61,1.34
207,provideniya,91,RU,1610152492,83,64.3833,-173.3,251.98,2.54
208,pitimbu,0,BR,1610152493,83,-7.4706,-34.8086,299.15,3.09
209,zalaegerszeg,90,HU,1610152494,100,46.84,16.8439,273.15,3.09
210,villazon,78,BO,1610152495,63,-22.0866,-65.5942,285.62,6.05
211,cam ranh,40,VN,1610152496,78,11.9214,109.1591,297.15,11.83
212,acapulco,40,MX,1610152347,78,16.8634,-99.8901,300.15,2.57
213,portland,1,US,1610152339,71,45.5234,-122.6762,282.59,0.42
214,westport,1,US,1610152501,43,41.1415,-73.3579,273.15,4.12
215,lata,3,PT,1610152505,62,40.1629,-8.3327,277.59,3.13
216,valparaiso,40,CL,1610152506,82,-33.0393,-71.6273,288.15,2.57
217,takoradi,100,GH,1610152507,87,4.8845,-1.7554,298.97,3.51
218,micheweni,99,TZ,1610152509,79,-4.9667,39.8333,299.78,5.9
219,vostok,31,RU,1610152510,81,46.4856,135.8833,246.24,1.11
220,sorland,99,NO,1610152511,90,67.667,12.6934,275.51,12.88
221,te anau,19,NZ,1610152512,47,-45.4167,167.7167,292.19,2.38
222,bitung,40,ID,1610152513,94,1.4451,125.1824,298.15,0.51
223,lebu,98,CL,1610152514,80,-37.6167,-73.65,285.72,7.42
224,ystad,90,SE,1610152515,93,55.4297,13.8204,275.15,3.6
225,luderitz,0,NA,1610152516,65,-26.6481,15.1594,292.59,7.81
226,bengkulu,16,ID,1610152517,78,-3.8004,102.2655,299.32,2.15
227,tuy hoa,100,VN,1610152518,84,13.0833,109.3,294.99,7.67
228,owando,55,CG,1610152519,85,-0.4819,15.8999,294.36,1.26
229,necochea,0,AR,1610152520,77,-38.5473,-58.7368,286.48,1.35
230,berdigestyakh,100,RU,1610152521,85,62.0989,126.6992,240.42,1.06
231,kodiak,90,US,1610152233,80,57.79,-152.4072,274.15,5.14
232,vetlanda,90,SE,1610152522,93,57.4289,15.0776,274.15,4.12
233,ajaccio,0,FR,1610152214,87,42.0,8.9167,279.15,2.06
234,adrar,0,MR,1610152524,42,20.5022,-10.0711,293.73,3.41
235,naze,40,JP,1610152498,57,28.3667,129.4833,283.15,6.69
236,fukue,75,JP,1610152526,80,32.6881,128.8419,273.15,4.63
237,tsogni,29,GA,1610152527,90,-2.7942,10.0988,296.98,0.27
238,wanning,99,CN,1610152528,81,18.8003,110.3967,286.34,6.62
239,castro,100,BR,1610152230,95,-24.7911,-50.0119,291.75,3.43
240,taywarah,0,AF,1610152530,52,33.35,64.4167,260.26,2.51
241,najran,0,SA,1610152532,53,17.4924,44.1277,283.15,0.97
242,ribeira grande,50,PT,1610152533,61,38.5167,-28.7,287.0,3.1
243,baie-comeau,90,CA,1610152534,68,49.2168,-68.1489,269.15,4.63
244,atar,0,MR,1610152535,52,20.5169,-13.0499,292.19,3.1
245,limon,75,CR,1610152536,78,10.0,-83.0333,300.15,1.18
246,itaituba,90,BR,1610152537,94,-4.2761,-55.9836,296.15,0.52
247,puerto ayora,20,EC,1610152538,91,-0.7393,-90.3518,296.48,1.34
248,gravelbourg,0,CA,1610152539,93,49.8834,-106.5512,265.15,1.54
249,escanaba,90,US,1610152540,80,45.7453,-87.0646,272.15,2.7
250,marabba,0,SD,1610152542,31,12.35,32.1833,295.48,5.09
251,taoudenni,0,ML,1610152543,20,22.6783,-3.9836,295.52,2.87
252,sao joao da barra,79,BR,1610152544,91,-21.6403,-41.0511,297.91,3.97
253,meulaboh,100,ID,1610152545,89,4.1363,96.1285,297.71,2.5
254,tarnogskiy gorodok,100,RU,1610152546,93,60.4997,43.5761,255.31,1.71
255,aden,30,YE,1610152311,71,12.7794,45.0367,297.14,8.27
256,christchurch,75,NZ,1610152541,55,-43.5333,172.6333,293.15,3.6
257,hobe sound,40,US,1610152317,55,27.0595,-80.1364,292.59,6.69
258,honiara,1,SB,1610152552,57,-9.4333,159.95,303.85,1.97
259,namibe,100,AO,1610152388,73,-15.1961,12.1522,295.06,2.45
260,gayny,75,RU,1610152554,96,60.3071,54.3241,259.62,2.11
261,katangli,100,RU,1610152555,83,51.7102,143.2326,248.85,4.05
262,fort-shevchenko,100,KZ,1610152556,77,44.5086,50.263,276.45,9.5
263,sisimiut,100,GL,1610152557,76,66.9395,-53.6735,261.55,5.71
264,inhambane,100,MZ,1610152560,84,-23.865,35.3833,298.34,3.85
265,kloulklubed,90,PW,1610152562,83,7.0419,134.2556,301.15,3.6
266,namatanai,100,PG,1610152565,65,-3.6667,152.4333,302.5,3.64
267,leningradskiy,0,RU,1610152566,79,69.3833,178.4167,244.38,1.49
268,usinsk,71,RU,1610152567,91,65.9939,57.5281,251.59,1.75
269,saint-augustin,100,CA,1610152568,80,51.226,-58.6502,276.24,5.39
270,bandarbeyla,78,SO,1610152569,73,9.4942,50.8122,296.18,8.6
271,bougouni,0,ML,1610152571,20,11.417,-7.479,296.88,1.13
272,guanica,100,PR,1610152572,76,17.9716,-66.908,298.15,5.27
273,yamada,0,JP,1610152573,82,39.4667,141.95,271.29,2.5
274,matagami,1,CA,1610152574,92,49.7502,-77.6328,256.15,1.37
275,nouadhibou,0,MR,1610152575,88,20.931,-17.0347,292.15,5.14
276,rio gallegos,75,AR,1610152290,41,-51.6226,-69.2181,288.15,12.35
277,atambua,100,ID,1610152578,73,-9.1061,124.8925,301.37,0.49
278,cap malheureux,7,MU,1610152579,90,-19.9842,57.6142,297.59,2.24
279,atasu,19,KZ,1610152580,81,48.6814,71.6433,245.58,1.23
280,hambantota,75,LK,1610152581,100,6.1241,81.1185,298.15,1.54
281,balakhta,100,RU,1610152582,86,55.38,91.6,248.99,0.63
282,kramat,84,ID,1610152583,72,-8.1311,113.4499,300.82,1.14
283,ati,94,TD,1610152584,21,13.2154,18.3353,295.73,5.23
284,yining,0,CN,1610152585,66,29.0361,114.5636,273.81,0.12
285,robertsport,0,LR,1610152586,83,6.7533,-11.3686,300.02,4.03
286,ternate,5,ID,1610152587,73,0.8,127.4,301.54,2.36
287,lubu,59,CN,1610152588,93,23.1742,112.2809,280.93,1.56
288,olafsvik,83,IS,1610152589,87,64.8945,-23.7142,265.99,9.66
289,byron bay,90,AU,1610152432,69,-28.65,153.6167,297.15,5.14
290,port-gentil,40,GA,1610152591,89,-0.7193,8.7815,300.15,2.57
291,bowen,90,AU,1610152592,88,-20.0167,148.2333,298.15,4.63
292,berlevag,33,NO,1610152593,92,70.8578,29.0864,266.15,8.51
293,coahuayana,75,MX,1610152594,69,18.7333,-103.6833,297.15,0.81
294,yar-sale,87,RU,1610152595,91,66.8333,70.8333,252.03,2.37
295,kemijarvi,93,FI,1610152596,95,66.7131,27.4306,260.68,1.34
296,dodge city,1,US,1610152596,80,37.7528,-100.0171,274.15,5.66
297,east wenatchee bench,75,US,1610152597,93,47.4257,-120.2812,277.04,2.06
298,husavik,90,IS,1610152598,62,66.0449,-17.3389,265.15,5.14
299,bilibino,0,RU,1610152599,84,68.0546,166.4372,242.57,0.81
300,rondon,100,BR,1610152600,90,-23.4172,-52.7722,295.98,2.08
301,tessalit,0,ML,1610152601,19,20.1986,1.0114,296.42,4.93
302,bay roberts,100,CA,1610152603,1,47.5999,-53.2648,275.37,7.02
303,esperance,95,AU,1610152604,26,-33.8667,121.9,302.15,8.75
304,xudat,100,AZ,1610152605,66,41.631,48.681,279.32,1.17
305,kismayo,0,SO,1610152606,80,-0.3582,42.5454,297.56,6.97
306,padang,100,ID,1610152607,85,-0.9492,100.3543,298.37,0.22
307,staunton,90,US,1610152515,69,38.1496,-79.0717,275.37,1.51
308,nyurba,100,RU,1610152609,91,63.2842,118.3319,252.14,2.38
309,los lunas,40,US,1610152610,13,34.8062,-106.7334,283.15,2.57
310,cap-aux-meules,100,CA,1610152611,100,47.3821,-61.8597,273.15,6.69
311,aquiraz,0,BR,1610152612,74,-3.9014,-38.3911,301.15,5.14
312,souillac,40,MU,1610152613,88,-20.5167,57.5167,298.15,5.66
313,shenjiamen,0,CN,1610152614,79,29.9576,122.298,274.16,10.2
314,krasnovishersk,89,RU,1610152615,95,60.4078,57.082,259.42,1.32
315,belaya gora,100,RU,1610152616,90,68.5333,146.4167,248.09,3.08
316,severo-kurilsk,100,RU,1610152617,84,50.6789,156.125,269.74,6.04
317,ballina,90,AU,1610152618,69,-28.8667,153.5667,297.15,5.14
318,san quintin,0,MX,1610152618,72,30.4833,-115.95,288.53,3.77
319,ko samui,5,TH,1610152376,75,9.5357,99.9357,300.34,6.86
320,sur,0,OM,1610152621,43,22.5667,59.5289,291.11,7.21
321,marfino,75,RU,1610152623,93,55.7028,37.3822,269.15,4.0
322,poso,81,ID,1610152624,62,-1.3959,120.7524,304.26,0.79
323,batagay,100,RU,1610152626,86,67.6333,134.6333,242.92,0.71
324,san patricio,1,US,1610152627,51,28.017,-97.5169,287.15,2.57
325,hurricane,1,US,1610152628,25,37.1753,-113.2899,283.15,1.54
326,mount isa,0,AU,1610152629,40,-20.7333,139.5,304.15,4.63
327,chabua,40,IN,1610152630,94,27.4825,95.1736,285.15,0.87
328,pacasmayo,58,PE,1610152631,80,-7.4006,-79.5714,294.64,5.43
329,iguape,100,BR,1610152632,88,-24.7081,-47.5553,298.56,3.43
330,zhanakorgan,0,KZ,1610152633,74,43.9098,67.2495,261.62,0.67
331,muisne,99,EC,1610152634,80,0.6,-80.0333,297.89,2.89
332,salalah,0,OM,1610152465,56,17.0151,54.0924,293.15,2.57
333,scottsbluff,40,US,1610152636,69,41.8666,-103.6672,275.15,4.63
334,trapani,0,IT,1610152637,88,37.8333,12.6667,288.15,1.03
335,coos bay,20,US,1610152638,76,43.3665,-124.2179,283.15,2.57
336,whithorn,75,JM,1610152639,94,18.2604,-78.0378,296.48,3.6
337,batagay-alyta,100,RU,1610152639,85,67.8006,130.4114,245.1,1.77
338,pisco,0,PE,1610152477,83,-13.7,-76.2167,294.15,8.75
339,taua,2,BR,1610152642,46,-5.9667,-40.3,300.55,5.4
340,kartaly,100,RU,1610152643,94,53.0522,60.6467,260.12,5.51
341,yarim,0,YE,1610152644,65,14.298,44.3779,278.54,2.2
342,sahuaripa,0,MX,1610152645,33,29.05,-109.2333,288.43,0.14
343,grand-santi,100,GF,1610152646,92,4.25,-54.3833,296.27,1.24
344,jacareacanga,100,BR,1610152648,88,-6.2222,-57.7528,297.36,0.75
345,calatayud,90,ES,1610152649,100,41.3535,-1.6432,274.15,7.2
346,ruwi,0,OM,1610152650,47,23.5996,58.5507,286.15,1.54
347,faanui,13,PF,1610152651,68,-16.4833,-151.75,300.6,3.34
348,loandjili,4,CG,1610152578,89,-4.7561,11.8578,297.9,2.08
349,follebu,0,NO,1610152653,86,61.216,10.2851,261.02,1.43
350,alyangula,75,AU,1610152654,79,-13.8483,136.4192,304.15,2.57
351,kayerkan,100,RU,1610152656,88,69.3497,87.7602,247.91,1.64
352,barbacoas,100,CO,1610152658,92,1.6715,-78.1398,296.05,0.65
353,toora-khem,100,RU,1610152659,84,52.4675,96.11,244.69,0.36
354,half moon bay,1,US,1610152660,87,37.4636,-122.4286,287.15,4.63
355,llanes,91,ES,1610152660,93,43.4198,-4.7549,275.37,3.15
356,chapais,90,CA,1610152661,85,49.7834,-74.8492,261.15,3.09
357,northam,80,GB,1610152662,86,51.0333,-4.2167,275.93,1.79
358,imeni poliny osipenko,100,RU,1610152664,87,52.4201,136.4853,245.98,2.7
359,ancud,90,CL,1610152665,71,-41.8697,-73.8203,287.59,1.54
360,west helena,100,US,1610152666,70,34.5507,-90.6418,277.15,2.06
361,khandyga,93,RU,1610152667,81,62.6667,135.6,234.48,1.0
362,labuhan,72,ID,1610152668,77,-6.8844,112.2051,301.01,3.95
363,lavrentiya,0,RU,1610152670,83,65.5833,-171.0,248.24,1.69
364,gasa,0,PS,1610152672,43,31.5,34.4667,290.37,0.89
365,garowe,0,SO,1610152674,74,8.4054,48.4845,290.32,3.91
366,axim,100,GH,1610152675,86,4.8699,-2.2405,299.08,3.14
367,bubaque,0,GW,1610152676,77,11.2833,-15.8333,299.26,7.35
368,kidal,0,ML,1610152677,18,18.4411,1.4078,296.87,4.42
369,tiznit,93,MA,1610152681,85,29.5833,-9.5,284.29,1.97
370,cabatuan,69,PH,1610152682,86,10.8794,122.486,299.05,6.15
371,casablanca,75,MA,1610152521,100,33.5928,-7.6192,287.04,5.66
372,quatre cocos,40,MU,1610152684,88,-20.2078,57.7625,298.15,5.66
373,sri aman,40,MY,1610152685,94,1.2376,111.4621,298.15,0.76
374,sens,0,FR,1610152686,89,48.1667,3.3333,271.48,2.17
375,thinadhoo,72,MV,1610152687,80,0.5333,72.9333,300.61,5.91
376,marquette,90,US,1610152688,82,46.5333,-87.6335,272.04,2.16
377,bosaso,0,SO,1610152689,65,11.2842,49.1816,294.85,2.89
378,capinzal,46,BR,1610152690,79,-27.3436,-51.6119,293.1,0.92
379,turukhansk,100,RU,1610152691,89,65.8167,87.9833,248.89,3.49
380,beyneu,100,KZ,1610152692,76,45.3167,55.2,270.5,7.33
381,maracacume,42,BR,1610152693,92,-2.0428,-45.9592,296.57,1.59
382,deda,40,RO,1610152694,93,46.9333,24.9,272.15,3.6
383,aykhal,100,RU,1610152695,87,66.0,111.5,247.93,3.18
384,uyuni,0,BO,1610152696,35,-20.4597,-66.825,286.01,7.92
385,mantua,0,IT,1610152697,74,45.1667,10.7833,273.15,1.03
386,rupert,40,US,1610152567,70,42.6191,-113.6772,276.15,4.12
387,lamu,1,KE,1610152699,83,-2.2717,40.902,298.15,3.83
388,xining,100,CN,1610152556,76,36.6167,101.7667,261.27,0.18
389,bonfim,100,BR,1610152701,87,3.0833,-59.95,297.73,3.0
390,santiago del estero,0,AR,1610152702,60,-27.7951,-64.2615,302.59,0.45
391,dakar,0,SN,1610152286,88,14.6937,-17.4441,294.15,6.17
392,valle hermoso,20,MX,1610152703,63,25.6667,-97.8333,289.15,5.66
393,smidovich,3,RU,1610152704,78,48.6,133.8167,248.2,3.08
394,tombouctou,0,ML,1610152705,20,20.0,-3.0,293.98,1.48
395,petropavlovsk-kamchatskiy,0,RU,1610152706,65,53.0452,158.6483,254.15,2.0
396,srednekolymsk,92,RU,1610152707,84,67.45,153.6833,241.57,1.18
397,luanda,20,AO,1610152328,78,-8.8368,13.2343,298.15,2.06
398,ewo,100,CG,1610152709,80,-0.8725,14.8206,295.96,1.55
399,mvangue,33,CM,1610152710,98,2.9667,11.5167,292.69,1.54
400,kavieng,100,PG,1610152711,72,-2.5744,150.7967,302.18,4.78
401,angoram,100,PG,1610152712,61,-4.0625,144.0661,305.19,0.84
402,angul,4,IN,1610152713,63,20.85,85.1,291.53,0.74
403,santiago,20,CL,1610152627,38,-33.4569,-70.6483,297.15,3.6
404,chernyshevskiy,100,RU,1610152715,93,63.0128,112.4714,254.91,3.01
405,guerrero negro,0,MX,1610152716,63,27.9769,-114.0611,290.16,4.88
406,kysyl-syr,88,RU,1610152717,82,63.8986,122.7617,237.05,1.43
407,el alto,59,PE,1610152718,90,-4.2714,-81.2147,292.93,4.38
408,zyryanka,92,RU,1610152718,85,65.75,150.85,240.42,1.2
409,talavera,75,PH,1610152719,69,15.6167,120.9333,297.15,2.06
410,tilichiki,21,RU,1610152720,89,60.4667,166.1,255.16,5.0
411,lago da pedra,100,BR,1610152721,96,-4.3333,-45.1667,296.79,1.29
412,alta floresta,0,BR,1610152722,83,-9.8756,-56.0861,297.35,0.78
413,yeppoon,90,AU,1610152481,73,-23.1333,150.7333,297.15,7.72
414,mokrous,100,RU,1610152724,98,51.2333,47.5167,272.99,3.26
415,moron,7,AR,1610152676,55,-34.6534,-58.6198,298.15,3.13
416,boguchany,100,RU,1610152726,86,58.3814,97.4531,250.08,1.03
417,odweyne,0,SO,1610152727,37,9.4092,45.064,289.64,7.31
418,mehamn,66,NO,1610152728,91,71.0357,27.8492,266.13,3.61
419,general roca,0,AR,1610152729,22,-39.0333,-67.5833,300.15,1.54
420,hasaki,20,JP,1610152730,47,35.7333,140.8333,275.37,1.54
421,kaeo,66,NZ,1610152731,74,-35.1,173.7833,297.04,3.13
422,bighapur,0,IN,1610152732,94,26.35,80.6833,286.15,1.54
423,hervey bay,100,AU,1610152733,82,-25.2986,152.8535,296.48,4.47
424,lexington park,75,US,1610152734,69,38.2668,-76.4538,276.15,4.12
425,akyab,81,MM,1610152735,73,20.15,92.9,294.04,3.16
426,catalao,84,BR,1610152736,89,-18.1658,-47.9464,293.93,1.35
427,bandar-e lengeh,0,IR,1610152742,32,26.5579,54.8807,285.15,3.09
428,iralaya,0,HN,1610152743,78,15.0,-83.2333,297.27,4.51
429,zdvinsk,100,RU,1610152744,87,54.7021,78.661,246.04,5.01
430,multan,90,PK,1610152466,100,30.1956,71.4753,281.15,1.92
431,tabou,73,CI,1610152746,86,4.423,-7.3528,298.87,3.06
432,ilulissat,100,GL,1610152747,55,69.2167,-51.1,257.15,11.83
433,tongchuan,97,CN,1610152748,55,35.0806,109.0897,265.96,1.61
434,basoko,100,CD,1610152749,92,1.2391,23.616,294.73,1.45
435,muros,65,ES,1610152750,83,42.7762,-9.0603,277.04,5.94
436,la paz,75,BO,1610152751,76,-16.5,-68.15,282.15,5.14
437,talara,84,PE,1610152752,88,-4.5772,-81.2719,294.07,4.03
438,buenos aires,0,AR,1610152606,73,-34.6132,-58.3772,298.15,6.69
439,kahului,40,US,1610152501,54,20.8947,-156.47,301.15,6.17
440,zhigansk,98,RU,1610152754,82,66.7697,123.3711,234.41,2.15
441,yabelo,0,ET,1610152756,45,4.8833,38.0833,286.93,3.2
442,flinders,40,AU,1610152757,62,-34.5833,150.8552,297.59,1.34
443,kondinskoye,100,RU,1610152758,94,59.6481,67.41,255.7,1.31
444,nogliki,100,RU,1610152759,82,51.8333,143.1667,248.8,3.21
445,shahe,0,CN,1610152760,79,39.2708,113.5478,257.79,3.64
446,san cristobal,40,VE,1610152588,74,7.7669,-72.225,300.15,2.06
447,huarmey,100,PE,1610152762,84,-10.0681,-78.1522,294.47,4.01
448,nata,20,PA,1610152763,61,8.3333,-80.5167,301.15,4.12
449,kralendijk,20,BQ,1610152631,83,12.15,-68.2667,299.15,6.17
450,vilhena,20,BR,1610152766,78,-12.7406,-60.1458,298.15,1.54
451,geraldton,100,AU,1610152767,57,-28.7667,114.6,301.15,2.57
452,prieska,0,ZA,1610152768,44,-29.6641,22.7474,299.5,2.93
453,korla,100,CN,1610152769,89,41.7597,86.1469,264.07,0.94
454,solnechnyy,100,RU,1610152769,80,50.7214,136.6319,247.2,1.27
455,nizhniy ingash,100,RU,1610152770,87,56.2,96.53,249.35,1.52
456,vikhorevka,40,RU,1610152771,76,56.1201,101.1636,246.48,3.0
457,sao miguel do araguaia,66,BR,1610152772,69,-13.275,-50.1628,298.81,0.71
458,homer,75,US,1610152773,87,59.6425,-151.5483,276.48,1.54
459,marawi,40,PH,1610152774,83,7.9986,124.2928,300.37,1.79
460,pacifica,40,US,1610152648,88,37.6138,-122.4869,286.48,1.54
461,colares,0,PT,1610152777,51,38.7992,-9.4469,280.37,9.48
462,chongqing,40,CN,1610152778,87,29.5628,106.5528,277.04,2.0
463,leshukonskoye,67,RU,1610152779,91,64.8989,45.7622,251.39,1.49
464,banda aceh,100,ID,1610152781,79,5.5577,95.3222,299.13,3.68
465,nantucket,1,US,1610152782,74,41.2835,-70.0995,272.15,2.06
466,vestmannaeyjar,14,IS,1610152783,89,63.4427,-20.2734,270.19,13.28
467,aljezur,12,PT,1610152784,66,37.3191,-8.8033,277.59,0.45
468,kalevala,89,RU,1610152785,95,65.2,31.1667,258.67,0.46
469,rabaul,100,PG,1610152786,66,-4.1967,152.1721,301.63,1.31
470,anadyr,20,RU,1610152787,68,64.75,177.4833,240.37,5.0
471,sunrise manor,1,US,1610152788,17,36.2111,-115.0731,289.15,0.63
472,mackay,90,AU,1610152789,94,-21.15,149.2,297.15,6.17
473,mulatupo,100,PA,1610152789,85,8.9492,-77.7652,299.01,4.16
474,faya,0,SA,1610152790,61,18.3851,42.4509,283.15,1.09
475,ponta delgada,20,PT,1610152792,76,37.7333,-25.6667,284.15,3.09
476,tayu,100,ID,1610152793,73,-6.5397,111.0518,301.41,1.89
477,loralai,0,PK,1610152793,63,30.3705,68.598,275.29,2.78
478,vawkavysk,95,BY,1610152794,98,53.1561,24.4513,271.8,4.16
479,san vicente,95,AR,1610152795,64,-26.6167,-54.1333,295.19,1.13
480,upata,99,VE,1610152796,94,8.0086,-62.3989,296.48,0.89
481,namuac,100,PH,1610152797,86,18.6109,121.1657,293.38,8.99
482,awbari,0,LY,1610152815,30,26.5921,12.7805,290.35,2.72
483,mishkino,100,RU,1610152816,93,55.3389,63.9175,256.66,5.02
484,pimenta bueno,58,BR,1610152818,77,-11.6725,-61.1936,298.01,0.92
485,aklavik,75,CA,1610152819,77,68.2191,-135.0107,250.15,2.06
486,santa vitoria do palmar,0,BR,1610152820,81,-33.5189,-53.3681,291.92,2.91
487,aswan,0,EG,1610152821,41,24.0934,32.907,288.8,2.49
488,saryg-sep,100,RU,1610152822,84,51.5,95.6,244.51,0.35
489,cap estate,20,LC,1610152822,83,14.0833,-60.95,298.15,3.09
490,fuzhou,40,CN,1610152823,70,26.0614,119.3061,276.15,2.0
491,walvis bay,100,NA,1610152824,82,-22.9575,14.5053,293.15,4.12
492,cabo san lucas,1,MX,1610152825,68,22.8909,-109.9124,295.15,2.06
493,tocopilla,1,CL,1610152826,62,-22.092,-70.1979,294.4,3.21
494,chunoyar,100,RU,1610152828,84,57.4467,97.3217,247.81,1.17
495,kiruna,90,SE,1610152829,85,67.8557,20.2251,257.15,2.06
496,dunedin,94,NZ,1610152830,60,-45.8742,170.5036,290.17,6.15
497,zhicheng,0,CN,1610152831,68,30.2956,111.5047,273.15,0.58
498,suihua,1,CN,1610152832,86,46.6406,126.9969,244.87,2.15
499,port augusta,0,AU,1610152833,53,-32.5,137.7667,305.93,3.09
500,lengshuitan,78,CN,1610152834,67,26.4111,111.5956,274.58,1.7
501,cotonou,40,BJ,1610152835,94,6.3654,2.4183,300.15,3.6
502,tigil,100,RU,1610152836,91,57.8,158.6667,254.18,2.4
503,roebourne,14,AU,1610152837,41,-20.7833,117.1333,307.82,1.36
504,tura,100,IN,1610152838,66,25.5198,90.2201,288.73,1.18
505,serenje,100,ZM,1610152839,96,-13.2325,30.2352,289.9,0.79
506,itarema,84,BR,1610152840,78,-2.9248,-39.9167,299.8,7.02
507,havoysund,0,NO,1610152841,54,70.9963,24.6622,268.15,1.54
508,nacogdoches,90,US,1610152842,75,31.6002,-94.6335,280.93,4.12
509,soyaux,89,FR,1610152843,93,45.65,0.2,272.15,5.66
510,lesnoy,100,RU,1610152844,95,57.6198,63.0784,257.95,0.83
511,tara,100,RU,1610152845,89,56.8944,74.371,254.35,4.08
512,navelim,75,IN,1610152846,94,15.5333,73.9833,297.15,2.57
513,alofi,75,NU,1610152847,70,-19.0595,-169.9187,303.15,6.17
514,flin flon,20,CA,1610152848,92,54.7682,-101.865,262.15,1.54
515,fort nelson,75,CA,1610152851,85,58.8053,-122.7002,256.15,1.03
516,port antonio,20,JM,1610152852,74,18.18,-76.4612,300.15,5.14
517,ghanzi,90,BW,1610152853,75,-21.5667,21.7833,294.66,2.52
518,trincomalee,100,LK,1610152854,80,8.5711,81.2335,300.05,4.49
519,ixtapa,20,MX,1610152767,83,20.7,-105.2,295.37,3.6
520,mocuba,100,MZ,1610152856,93,-16.8392,36.9856,296.8,1.2
521,sioux lookout,90,CA,1610152846,100,50.1001,-91.917,269.15,3.09
522,sosva,13,RU,1610152857,91,59.1766,61.8558,250.58,1.44
523,harnosand,90,SE,1610152858,93,62.6323,17.9379,269.82,1.54
524,santa maria,0,BR,1610152859,57,-29.6842,-53.8069,297.15,1.19
525,kutum,0,SD,1610152860,35,14.2,24.6667,287.23,4.34
526,araouane,0,ML,1610152861,20,18.9048,-3.5265,294.24,1.47
527,pierre,90,US,1610152862,69,44.3683,-100.351,274.82,2.06
528,staraya poltavka,100,RU,1610152863,94,50.4772,46.4814,274.07,3.25
529,bourail,75,NC,1610152864,60,-21.5667,165.4833,304.44,1.83
530,los llanos de aridane,0,ES,1610152865,67,28.6585,-17.9182,287.15,2.06
531,kulhudhuffushi,100,MV,1610152866,75,6.6221,73.07,301.01,3.86
532,comodoro rivadavia,0,AR,1610152867,28,-45.8667,-67.5,296.15,7.72
533,manta,90,EC,1610152868,69,-0.95,-80.7333,300.15,5.14
